{
  "field": [
    [
      0.09205722656507123,
      0.0834221822705746,
      0.07562146810188212
    ],
    [
      0.08648777291304292,
      0.07674391795873586,
      0.07093669390972435
    ],
    [
      0.07989133377394964,
      0.0728593693133392,
      0.06947571564979124
    ]
  ],
  "metrics": {
    "mean": 0.07861063116179015,
    "std": 0.007114025540771409,
    "mass": 0.7074956804561113,
    "curvature_rms": 0.007950544450057943,
    "omega": 0.9921121681080137,
    "nontriviality": 0.082986923649889,
    "bounded": 1.0
  },
  "admissible": true,
  "warnings": []
}
