{
  "field": [
    [
      0.06840970802553734,
      0.07908788609356732,
      0.09381634412686893
    ],
    [
      0.06986233825048078,
      0.08309762211747945,
      0.10002056689558822
    ],
    [
      0.07335716287473992,
      0.08534469792402351,
      0.09967218583081786
    ]
  ],
  "metrics": {
    "mean": 0.0836298346821226,
    "std": 0.011452100293410124,
    "mass": 0.7526685121391034,
    "curvature_rms": 0.012204468632920623,
    "omega": 0.9879426844959459,
    "nontriviality": 0.12044454392137297,
    "bounded": 1.0
  },
  "admissible": true,
  "warnings": []
}
